Wavelength,Flux,BestFit,SkyFlux
2800.0,8.20,8.20,8.20
2805.0,9.90,9.90,9.90
2810.0,15.00,15.00,15.00
2815.0,21.20,21.20,21.20
2820.0,26.70,26.70,26.70
2825.0,30.30,30.30,30.30
2830.0,32.50,32.50,32.50
2835.0,32.30,32.30,32.30
2840.0,29.90,29.90,29.90
2845.0,25.02,25.02,25.02
2850.0,17.59,17.59,17.59
2855.0,15.50,15.50,15.50
2860.0,24.20,24.20,24.20
2865.0,33.30,33.30,33.30
2870.0,36.20,36.20,36.20
2875.0,33.90,33.90,33.90
2880.0,31.10,31.10,31.10
2885.0,32.50,32.50,32.50
2890.0,39.20,39.20,39.20
2895.0,47.90,47.90,47.90
2900.0,56.30,56.30,56.30
2905.0,60.60,60.60,60.60
2910.0,61.80,61.80,61.80
2915.0,59.80,59.80,59.80
2920.0,56.70,56.70,56.70
2925.0,52.90,52.90,52.90
2930.0,53.80,53.80,53.80
2935.0,54.90,54.90,54.90
2940.0,53.30,53.30,53.30
2945.0,52.00,52.00,52.00
2950.0,52.70,52.70,52.70
2955.0,55.90,55.90,55.90
2960.0,57.30,57.30,57.30
2965.0,52.10,52.10,52.10
2970.0,47.80,47.80,47.80
2975.0,52.90,52.90,52.90
2980.0,52.80,52.80,52.80
2985.0,46.80,46.80,46.80
2990.0,47.20,47.20,47.20
2995.0,50.10,50.10,50.10
3000.0,45.79,45.79,45.79
3005.0,43.30,43.30,43.30
3010.0,46.30,46.30,46.30
3015.0,47.76,47.76,47.76
3020.0,44.90,44.90,44.90
3025.0,50.80,50.80,50.80
3030.0,61.20,61.20,61.20
3035.0,64.60,64.60,64.60
3040.0,62.10,62.10,62.10
3045.0,62.60,62.60,62.60
3050.0,64.20,64.20,64.20
3055.0,61.10,61.10,61.10
3060.0,56.50,56.50,56.50
3065.0,57.50,57.50,57.50
3070.0,60.50,60.50,60.50
3075.0,63.10,63.10,63.10
3080.0,64.50,64.50,64.50
3085.0,64.05,64.05,64.05
3090.0,58.00,58.00,58.00
3095.0,50.00,50.00,50.00
3100.0,53.30,53.30,53.30
3105.0,65.20,65.20,65.20
3110.0,76.20,76.20,76.20
3115.0,74.40,74.40,74.40
3120.0,70.62,70.62,70.62
3125.0,67.60,67.60,67.60
3130.0,69.40,69.40,69.40
3135.0,72.40,72.40,72.40
3140.0,71.70,71.70,71.70
3145.0,67.60,67.60,67.60
3150.0,68.45,68.45,68.45
3155.0,63.20,63.20,63.20
3160.0,58.70,58.70,58.70
3165.0,64.90,64.90,64.90
3170.0,73.90,73.90,73.90
3175.0,80.19,80.19,80.19
3180.0,72.36,72.36,72.36
3185.0,68.00,68.00,68.00
3190.0,70.58,70.58,70.58
3195.0,73.32,73.32,73.32
3200.0,77.50,77.50,77.50
3205.0,82.60,82.60,82.60
3210.0,76.55,76.55,76.55
3215.0,71.90,71.90,71.90
3220.0,73.51,73.51,73.51
3225.0,71.15,71.15,71.15
3230.0,64.90,64.90,64.90
3235.0,68.14,68.14,68.14
3240.0,74.05,74.05,74.05
3245.0,78.80,78.80,78.80
3250.0,82.92,82.92,82.92
3255.0,91.38,91.38,91.38
3260.0,99.84,99.84,99.84
3265.0,101.66,101.66,101.66
3270.0,100.47,100.47,100.47
3275.0,98.68,98.68,98.68
3280.0,95.68,95.68,95.68
3285.0,93.40,93.40,93.40
3290.0,100.46,100.46,100.46
3295.0,109.58,109.58,109.58
3300.0,110.98,110.98,110.98
3305.0,104.29,104.29,104.29
3310.0,99.10,99.10,99.10
3315.0,99.40,99.40,99.40
3320.0,99.28,99.28,99.28
3325.0,98.00,98.00,98.00
3330.0,96.39,96.39,96.39
3335.0,93.70,93.70,93.70
3340.0,95.56,95.56,95.56
3345.0,98.86,98.86,98.86
3350.0,100.97,100.97,100.97
3355.0,97.45,97.45,97.45
3360.0,88.98,88.98,88.98
3365.0,82.90,82.90,82.90
3370.0,81.80,81.80,81.80
3375.0,87.73,87.73,87.73
3380.0,92.53,92.53,92.53
3385.0,95.78,95.78,95.78
3390.0,96.86,96.86,96.86
3395.0,98.90,98.90,98.90
3400.0,105.44,105.44,105.44
3405.0,104.63,104.63,104.63
3410.0,97.10,97.10,97.10
3415.0,95.90,95.90,95.90
3420.0,99.57,99.57,99.57
3425.0,102.77,102.77,102.77
3430.0,104.17,104.17,104.17
3435.0,98.30,98.30,98.30
3440.0,85.42,85.42,85.42
3445.0,81.30,81.30,81.30
3450.0,91.58,91.58,91.58
3455.0,97.02,97.02,97.02
3460.0,94.27,94.27,94.27
3465.0,95.59,95.59,95.59
3470.0,96.95,96.95,96.95
3475.0,93.32,93.32,93.32
3480.0,92.47,92.47,92.47
3485.0,93.72,93.72,93.72
3490.0,89.90,89.90,89.90
3495.0,91.97,91.97,91.97
3500.0,101.22,101.22,101.22
3505.0,108.49,108.49,108.49
3510.0,105.34,105.34,105.34
3515.0,101.29,101.29,101.29
3520.0,98.38,98.38,98.38
3525.0,92.60,92.60,92.60
3530.0,98.01,98.01,98.01
3535.0,107.52,107.52,107.52
3540.0,113.46,113.46,113.46
3545.0,114.40,114.40,114.40
3550.0,114.06,114.06,114.06
3555.0,109.64,109.64,109.64
3560.0,102.50,102.50,102.50
3565.0,95.91,95.91,95.91
3570.0,84.20,84.20,84.20
3575.0,85.02,85.02,85.02
3580.0,78.92,78.92,78.92
3585.0,73.10,73.10,73.10
3590.0,85.81,85.81,85.81
3595.0,103.21,103.21,103.21
3600.0,108.90,108.90,108.90
3605.0,102.65,102.65,102.65
3610.0,94.15,94.15,94.15
3615.0,91.80,91.80,91.80
3620.0,95.80,95.80,95.80
3625.0,104.50,104.50,104.50
3630.0,107.10,107.10,107.10
3635.0,103.80,103.80,103.80
3640.0,107.16,107.16,107.16
3645.0,105.90,105.90,105.90
3650.0,109.70,109.70,109.70
3655.0,120.41,120.41,120.41
3660.0,128.60,128.60,128.60
3665.0,128.43,128.43,128.43
3670.0,125.77,125.77,125.77
3675.0,123.17,123.17,123.17
3680.0,115.70,115.70,115.70
3685.0,114.59,114.59,114.59
3690.0,119.44,119.44,119.44
3695.0,127.95,127.95,127.95
3700.0,129.34,129.34,129.34
3705.0,116.60,116.60,116.60
3710.0,118.11,118.11,118.11
3715.0,122.49,122.49,122.49
3720.0,114.44,114.44,114.44
3725.0,108.76,108.76,108.76
3730.0,104.45,104.45,104.45
3735.0,93.90,93.90,93.90
3740.0,93.44,93.44,93.44
3745.0,92.50,92.50,92.50
3750.0,98.50,98.50,98.50
3755.0,108.74,108.74,108.74
3760.0,112.40,112.40,112.40
3765.0,110.40,110.40,110.40
3770.0,118.13,118.13,118.13
3775.0,131.49,131.49,131.49
3780.0,141.44,141.44,141.44
3785.0,137.65,137.65,137.65
3790.0,122.60,122.60,122.60
3795.0,109.80,109.80,109.80
3800.0,115.20,115.20,115.20
3805.0,123.10,123.10,123.10
3810.0,124.90,124.90,124.90
3815.0,112.24,112.24,112.24
3820.0,95.43,95.43,95.43
3825.0,82.31,82.31,82.31
3830.0,73.60,73.60,73.60
3835.0,71.10,71.10,71.10
3840.0,82.10,82.10,82.10
3845.0,98.62,98.62,98.62
3850.0,108.02,108.02,108.02
3855.0,102.96,102.96,102.96
3860.0,99.11,99.11,99.11
3865.0,102.79,102.79,102.79
3870.0,103.54,103.54,103.54
3875.0,101.86,101.86,101.86
3880.0,100.67,100.67,100.67
3885.0,99.74,99.74,99.74
3890.0,108.10,108.10,108.10
3895.0,119.58,119.58,119.58
3900.0,125.19,125.19,125.19
3905.0,126.01,126.01,126.01
3910.0,133.22,133.22,133.22
3915.0,134.90,134.90,134.90
3920.0,124.00,124.00,124.00
3925.0,103.12,103.12,103.12
3930.0,74.50,74.50,74.50
3935.0,59.12,59.12,59.12
3940.0,76.68,76.68,76.68
3945.0,105.57,105.57,105.57
3950.0,124.50,124.50,124.50
3955.0,132.45,132.45,132.45
3960.0,116.26,116.26,116.26
3965.0,84.33,84.33,84.33
3970.0,65.20,65.20,65.20
3975.0,96.14,96.14,96.14
3980.0,130.10,130.10,130.10
3985.0,153.42,153.42,153.42
3990.0,162.45,162.45,162.45
3995.0,167.17,167.17,167.17
4000.0,168.85,168.85,168.85
4010.0,175.20,175.20,175.20
4020.0,181.40,181.40,181.40
4030.0,174.00,174.00,174.00
4040.0,176.30,176.30,176.30
4050.0,171.50,171.50,171.50
4060.0,166.60,166.60,166.60
4070.0,163.00,163.00,163.00
4080.0,169.90,169.90,169.90
4090.0,180.90,180.90,180.90
4100.0,153.70,153.70,153.70
4110.0,171.50,171.50,171.50
4120.0,181.60,181.60,181.60
4130.0,173.92,173.92,173.92
4140.0,171.44,171.44,171.44
4150.0,176.88,176.88,176.88
4160.0,181.50,181.50,181.50
4170.0,176.60,176.60,176.60
4180.0,168.50,168.50,168.50
4190.0,174.90,174.90,174.90
4200.0,159.90,159.90,159.90
4210.0,181.10,181.10,181.10
4220.0,178.20,178.20,178.20
4230.0,172.10,172.10,172.10
4240.0,170.80,170.80,170.80
4250.0,175.50,175.50,175.50
4260.0,169.90,169.90,169.90
4270.0,163.80,163.80,163.80
4280.0,165.10,165.10,165.10
4290.0,152.30,152.30,152.30
4300.0,121.20,121.20,121.20
4310.0,109.90,109.90,109.90
4320.0,182.20,182.20,182.20
4330.0,169.13,169.13,169.13
4340.0,156.00,156.00,156.00
4350.0,170.90,170.90,170.90
4360.0,186.80,186.80,186.80
4370.0,190.00,190.00,190.00
4380.0,166.30,166.30,166.30
4390.0,160.10,160.10,160.10
4400.0,183.00,183.00,183.00
4410.0,179.90,179.90,179.90
4420.0,192.20,192.20,192.20
4430.0,194.90,194.90,194.90
4440.0,189.41,189.41,189.41
4450.0,196.50,196.50,196.50
4460.0,175.57,175.57,175.57
4470.0,199.00,199.00,199.00
4480.0,201.40,201.40,201.40
4490.0,200.10,200.10,200.10
4500.0,206.90,206.90,206.90
4510.0,214.20,214.20,214.20
4520.0,204.70,204.70,204.70
4530.0,188.64,188.64,188.64
4540.0,201.80,201.80,201.80
4550.0,200.10,200.10,200.10
4560.0,206.30,206.30,206.30
4570.0,207.70,207.70,207.70
4580.0,203.20,203.20,203.20
4590.0,201.20,201.20,201.20
4600.0,199.73,199.73,199.73
4610.0,206.39,206.39,206.39
4620.0,207.80,207.80,207.80
4630.0,208.40,208.40,208.40
4640.0,201.50,201.50,201.50
4650.0,198.40,198.40,198.40
4660.0,202.10,202.10,202.10
4670.0,193.10,193.10,193.10
4680.0,201.20,201.20,201.20
4690.0,201.80,201.80,201.80
4700.0,193.90,193.90,193.90
4710.0,196.90,196.90,196.90
4720.0,207.00,207.00,207.00
4730.0,198.82,198.82,198.82
4740.0,201.20,201.20,201.20
4750.0,208.00,208.00,208.00
4760.0,201.20,201.20,201.20
4770.0,202.50,202.50,202.50
4780.0,208.60,208.60,208.60
4790.0,204.00,204.00,204.00
4800.0,206.80,206.80,206.80
4810.0,206.10,206.10,206.10
4820.0,206.23,206.23,206.23
4830.0,203.10,203.10,203.10
4840.0,198.90,198.90,198.90
4850.0,197.90,197.90,197.90
4860.0,160.10,160.10,160.10
4870.0,178.90,178.90,178.90
4880.0,193.50,193.50,193.50
4890.0,182.24,182.24,182.24
4900.0,203.20,203.20,203.20
4910.0,194.90,194.90,194.90
4920.0,185.60,185.60,185.60
4930.0,198.30,198.30,198.30
4940.0,193.39,193.39,193.39
4950.0,205.10,205.10,205.10
4960.0,194.90,194.90,194.90
4970.0,198.00,198.00,198.00
4980.0,192.40,192.40,192.40
4990.0,192.30,192.30,192.30
5000.0,191.60,191.60,191.60
5010.0,185.80,185.80,185.80
5020.0,186.00,186.00,186.00
5030.0,194.90,194.90,194.90
5040.0,183.30,183.30,183.30
5050.0,194.72,194.72,194.72
5060.0,202.50,202.50,202.50
5070.0,193.54,193.54,193.54
5080.0,188.00,188.00,188.00
5090.0,196.50,196.50,196.50
5100.0,191.00,191.00,191.00
5110.0,194.10,194.10,194.10
5120.0,198.90,198.90,198.90
5130.0,186.60,186.60,186.60
5140.0,182.40,182.40,182.40
5150.0,187.50,187.50,187.50
5160.0,189.10,189.10,189.10
5170.0,153.90,153.90,153.90
5180.0,175.90,175.90,175.90
5190.0,170.40,170.40,170.40
5200.0,186.00,186.00,186.00
5210.0,187.30,187.30,187.30
5220.0,191.50,191.50,191.50
5230.0,180.40,180.40,180.40
5240.0,194.10,194.10,194.10
5250.0,192.80,192.80,192.80
5260.0,187.40,187.40,187.40
5270.0,164.10,164.10,164.10
5280.0,188.00,188.00,188.00
5290.0,196.90,196.90,196.90
5300.0,189.20,189.20,189.20
5310.0,199.50,199.50,199.50
5320.0,195.80,195.80,195.80
5330.0,174.70,174.70,174.70
5340.0,186.90,186.90,186.90
5350.0,189.50,189.50,189.50
5360.0,197.40,197.40,197.40
5370.0,182.40,182.40,182.40
5380.0,191.30,191.30,191.30
5390.0,186.40,186.40,186.40
5400.0,180.00,180.00,180.00
5410.0,173.40,173.40,173.40
5420.0,188.80,188.80,188.80
5430.0,185.10,185.10,185.10
5440.0,191.90,191.90,191.90
5450.0,187.40,187.40,187.40
5460.0,186.09,186.09,186.09
5470.0,188.20,188.20,188.20
5480.0,182.60,182.60,182.60
5490.0,188.00,188.00,188.00
5500.0,186.30,186.30,186.30
5510.0,185.90,185.90,185.90
5520.0,189.60,189.60,189.60
5530.0,184.20,184.20,184.20
5540.0,187.80,187.80,187.80
5550.0,188.90,188.90,188.90
5560.0,185.70,185.70,185.70
5570.0,181.20,181.20,181.20
5580.0,185.30,185.30,185.30
5590.0,175.50,175.50,175.50
5600.0,178.60,178.60,178.60
5610.0,189.00,189.00,189.00
5620.0,180.10,180.10,180.10
5630.0,187.10,187.10,187.10
5640.0,183.60,183.60,183.60
5650.0,184.90,184.90,184.90
5660.0,175.00,175.00,175.00
5670.0,186.80,186.80,186.80
5680.0,185.90,185.90,185.90
5690.0,183.10,183.10,183.10
5700.0,182.80,182.80,182.80
5710.0,176.20,176.20,176.20
5720.0,187.20,187.20,187.20
5730.0,188.10,188.10,188.10
5740.0,187.30,187.30,187.30
5750.0,183.40,183.40,183.40
5760.0,181.80,181.80,181.80
5770.0,186.20,186.20,186.20
5780.0,179.90,179.90,179.90
5790.0,181.60,181.60,181.60
5800.0,183.40,183.40,183.40
5810.0,183.30,183.30,183.30
5820.0,185.20,185.20,185.20
5830.0,186.30,186.30,186.30
5840.0,185.40,185.40,185.40
5850.0,183.60,183.60,183.60
5860.0,179.20,179.20,179.20
5870.0,183.80,183.80,183.80
5880.0,182.10,182.10,182.10
5890.0,162.40,162.40,162.40
5900.0,172.18,172.18,172.18
5910.0,180.90,180.90,180.90
5920.0,178.80,178.80,178.80
5930.0,179.20,179.20,179.20
5940.0,178.90,178.90,178.90
5950.0,177.80,177.80,177.80
5960.0,179.60,179.60,179.60
5970.0,180.60,180.60,180.60
5980.0,177.20,177.20,177.20
5990.0,176.40,176.40,176.40
6000.0,177.00,177.00,177.00
6010.0,174.20,174.20,174.20
6020.0,171.50,171.50,171.50
6030.0,174.90,174.90,174.90
6040.0,177.90,177.90,177.90
6050.0,177.30,177.30,177.30
6060.0,175.80,175.80,175.80
6070.0,176.20,176.20,176.20
6080.0,175.10,175.10,175.10
6090.0,173.40,173.40,173.40
6100.0,172.40,172.40,172.40
6110.0,171.20,171.20,171.20
6120.0,173.60,173.60,173.60
6130.0,171.00,171.00,171.00
6140.0,165.50,165.50,165.50
6150.0,171.20,171.20,171.20
6160.0,166.40,166.40,166.40
6170.0,164.10,164.10,164.10
6180.0,170.20,170.20,170.20
6190.0,170.90,170.90,170.90
6200.0,171.10,171.10,171.10
6210.0,172.40,172.40,172.40
6220.0,167.84,167.84,167.84
6230.0,168.20,168.20,168.20
6240.0,166.70,166.70,166.70
6250.0,164.40,164.40,164.40
6260.0,164.00,164.00,164.00
6270.0,169.30,169.30,169.30
6280.0,169.30,169.30,169.30
6290.0,168.70,168.70,168.70
6300.0,166.50,166.50,166.50
6310.0,165.90,165.90,165.90
6320.0,159.01,159.01,159.01
6330.0,167.40,167.40,167.40
6340.0,163.70,163.70,163.70
6350.0,165.20,165.20,165.20
6360.0,160.93,160.93,160.93
6370.0,166.10,166.10,166.10
6380.0,166.50,166.50,166.50
6390.0,165.30,165.30,165.30
6400.0,161.30,161.30,161.30
6410.0,161.00,161.00,161.00
6420.0,160.90,160.90,160.90
6430.0,162.50,162.50,162.50
6440.0,161.40,161.40,161.40
6450.0,162.70,162.70,162.70
6460.0,159.10,159.10,159.10
6470.0,160.60,160.60,160.60
6480.0,160.20,160.20,160.20
6490.0,155.10,155.10,155.10
6500.0,152.60,152.60,152.60
6510.0,161.30,161.30,161.30
6520.0,159.10,159.10,159.10
6530.0,159.80,159.80,159.80
6540.0,157.50,157.50,157.50
6550.0,152.30,152.30,152.30
6560.0,132.33,132.33,132.33
6570.0,138.40,138.40,138.40
6580.0,153.90,153.90,153.90
6590.0,154.20,154.20,154.20
6600.0,155.80,155.80,155.80
6610.0,156.60,156.60,156.60
6620.0,157.10,157.10,157.10
6630.0,156.30,156.30,156.30
6640.0,155.40,155.40,155.40
6650.0,156.70,156.70,156.70
6660.0,155.50,155.50,155.50
6670.0,153.54,153.54,153.54
6680.0,153.48,153.48,153.48
6690.0,155.80,155.80,155.80
6700.0,153.40,153.40,153.40
6710.0,152.90,152.90,152.90
6720.0,150.60,150.60,150.60
6730.0,151.70,151.70,151.70
6740.0,151.30,151.30,151.30
6750.0,149.90,149.90,149.90
6760.0,151.50,151.50,151.50
6770.0,150.00,150.00,150.00
6780.0,150.70,150.70,150.70
6790.0,149.30,149.30,149.30
6800.0,149.40,149.40,149.40
6810.0,148.70,148.70,148.70
6820.0,149.30,149.30,149.30
6830.0,147.60,147.60,147.60
6840.0,146.60,146.60,146.60
6850.0,146.50,146.50,146.50
6860.0,143.30,143.30,143.30
6870.0,147.20,147.20,147.20
6880.0,147.60,147.60,147.60
6890.0,147.80,147.80,147.80
6900.0,147.90,147.90,147.90
6910.0,146.80,146.80,146.80
6920.0,145.40,145.40,145.40
6930.0,145.80,145.80,145.80
6940.0,145.70,145.70,145.70
6950.0,143.50,143.50,143.50
6960.0,144.20,144.20,144.20
6970.0,143.80,143.80,143.80
6980.0,141.70,141.70,141.70
6990.0,143.40,143.40,143.40
7000.0,142.20,142.20,142.20
7010.0,141.31,141.31,141.31
7020.0,139.87,139.87,139.87
7030.0,140.95,140.95,140.95
7040.0,141.87,141.87,141.87
7050.0,143.30,143.30,143.30
7060.0,141.38,141.38,141.38
7070.0,140.40,140.40,140.40
7080.0,139.90,139.90,139.90
7090.0,139.00,139.00,139.00
7100.0,140.40,140.40,140.40
7110.0,139.70,139.70,139.70
7120.0,138.18,138.18,138.18
7130.0,137.02,137.02,137.02
7140.0,138.19,138.19,138.19
7150.0,135.02,135.02,135.02
7160.0,136.94,136.94,136.94
7170.0,136.50,136.50,136.50
7180.0,135.70,135.70,135.70
7190.0,130.10,130.10,130.10
7200.0,134.87,134.87,134.87
7210.0,134.80,134.80,134.80
7220.0,136.00,136.00,136.00
7230.0,135.10,135.10,135.10
7240.0,136.07,136.07,136.07
7250.0,134.65,134.65,134.65
7260.0,134.29,134.29,134.29
7270.0,134.44,134.44,134.44
7280.0,133.70,133.70,133.70
7290.0,127.96,127.96,127.96
7300.0,133.57,133.57,133.57
7310.0,131.04,131.04,131.04
7320.0,133.33,133.33,133.33
7330.0,131.08,131.08,131.08
7340.0,133.90,133.90,133.90
7350.0,132.71,132.71,132.71
7360.0,131.00,131.00,131.00
7370.0,131.20,131.20,131.20
7380.0,130.00,130.00,130.00
7390.0,126.46,126.46,126.46
7400.0,128.30,128.30,128.30
7410.0,127.07,127.07,127.07
7420.0,126.49,126.49,126.49
7430.0,128.92,128.92,128.92
7440.0,129.55,129.55,129.55
7450.0,129.20,129.20,129.20
7460.0,128.92,128.92,128.92
7470.0,128.90,128.90,128.90
7480.0,128.08,128.08,128.08
7490.0,127.60,127.60,127.60
7500.0,127.40,127.40,127.40
7510.0,126.80,126.80,126.80
7520.0,127.20,127.20,127.20
7530.0,126.50,126.50,126.50
7540.0,128.09,128.09,128.09
7550.0,127.71,127.71,127.71
7560.0,126.10,126.10,126.10
7570.0,125.98,125.98,125.98
7580.0,126.80,126.80,126.80
7590.0,125.00,125.00,125.00
7600.0,125.90,125.90,125.90
7610.0,124.87,124.87,124.87
7620.0,124.60,124.60,124.60
7630.0,125.43,125.43,125.43
7640.0,125.66,125.66,125.66
7650.0,124.52,124.52,124.52
7660.0,120.00,120.00,120.00
7670.0,121.20,121.20,121.20
7680.0,123.10,123.10,123.10
7690.0,121.42,121.42,121.42
7700.0,121.46,121.46,121.46
7710.0,120.73,120.73,120.73
7720.0,121.20,121.20,121.20
7730.0,121.00,121.00,121.00
7740.0,120.90,120.90,120.90
7750.0,120.80,120.80,120.80
7760.0,121.02,121.02,121.02
7770.0,120.28,120.28,120.28
7780.0,120.14,120.14,120.14
7790.0,120.67,120.67,120.67
7800.0,119.30,119.30,119.30
7810.0,118.98,118.98,118.98
7820.0,119.50,119.50,119.50
7830.0,118.96,118.96,118.96
7840.0,118.10,118.10,118.10
7850.0,118.74,118.74,118.74
7860.0,118.90,118.90,118.90
7870.0,118.77,118.77,118.77
7880.0,118.00,118.00,118.00
7890.0,118.12,118.12,118.12
7900.0,117.04,117.04,117.04
7910.0,116.32,116.32,116.32
7920.0,115.00,115.00,115.00
7930.0,114.49,114.49,114.49
7940.0,112.60,112.60,112.60
7950.0,112.80,112.80,112.80
7960.0,114.27,114.27,114.27
7970.0,115.80,115.80,115.80
7980.0,115.01,115.01,115.01
7990.0,113.50,113.50,113.50
8000.0,112.48,112.48,112.48
8010.0,114.27,114.27,114.27
8020.0,114.22,114.22,114.22
8030.0,112.41,112.41,112.41
8040.0,113.42,113.42,113.42
8050.0,110.01,110.01,110.01
8060.0,113.09,113.09,113.09
8070.0,112.30,112.30,112.30
8080.0,111.62,111.62,111.62
8090.0,109.80,109.80,109.80
8100.0,111.00,111.00,111.00
8110.0,111.43,111.43,111.43
8120.0,111.60,111.60,111.60
8130.0,111.80,111.80,111.80
8140.0,111.74,111.74,111.74
8150.0,110.91,110.91,110.91
8160.0,110.50,110.50,110.50
8170.0,110.83,110.83,110.83
8180.0,108.61,108.61,108.61
8190.0,107.38,107.38,107.38
8200.0,107.40,107.40,107.40
8210.0,107.60,107.60,107.60
8220.0,105.60,105.60,105.60
8230.0,107.60,107.60,107.60
8240.0,107.15,107.15,107.15
8250.0,106.99,106.99,106.99
8260.0,107.59,107.59,107.59
8270.0,107.62,107.62,107.62
8280.0,107.49,107.49,107.49
8290.0,106.20,106.20,106.20
8300.0,105.63,105.63,105.63
8310.0,105.60,105.60,105.60
8320.0,105.50,105.50,105.50
8330.0,103.27,103.27,103.27
8340.0,104.59,104.59,104.59
8350.0,104.76,104.76,104.76
8360.0,105.97,105.97,105.97
8370.0,105.11,105.11,105.11
8380.0,105.49,105.49,105.49
8390.0,104.00,104.00,104.00
8400.0,105.00,105.00,105.00
8410.0,105.20,105.20,105.20
8420.0,102.87,102.87,102.87
8430.0,102.71,102.71,102.71
8440.0,101.40,101.40,101.40
8450.0,103.60,103.60,103.60
8460.0,103.70,103.70,103.70
8470.0,100.60,100.60,100.60
8480.0,101.10,101.10,101.10
8490.0,100.50,100.50,100.50
8500.0,91.00,91.00,91.00
8510.0,99.80,99.80,99.80
8520.0,99.00,99.00,99.00
8530.0,98.10,98.10,98.10
8540.0,86.90,86.90,86.90
8550.0,92.70,92.70,92.70
8560.0,99.02,99.02,99.02
8570.0,100.56,100.56,100.56
8580.0,100.70,100.70,100.70
8590.0,100.50,100.50,100.50
8600.0,100.00,100.00,100.00
8610.0,99.90,99.90,99.90
8620.0,100.60,100.60,100.60
8630.0,101.20,101.20,101.20
8640.0,99.01,99.01,99.01
8650.0,97.35,97.35,97.35
8660.0,85.80,85.80,85.80
8670.0,92.50,92.50,92.50
8680.0,96.90,96.90,96.90
8690.0,95.90,95.90,95.90
8700.0,97.70,97.70,97.70
8710.0,96.32,96.32,96.32
8720.0,97.60,97.60,97.60
8730.0,96.61,96.61,96.61
8740.0,94.91,94.91,94.91
8750.0,93.56,93.56,93.56
8760.0,96.20,96.20,96.20
8770.0,96.50,96.50,96.50
8780.0,96.20,96.20,96.20
8790.0,94.57,94.57,94.57
8800.0,94.86,94.86,94.86
8810.0,91.96,91.96,91.96
8820.0,94.41,94.41,94.41
8830.0,93.93,93.93,93.93
8840.0,94.35,94.35,94.35
8850.0,95.47,95.47,95.47
8860.0,92.56,92.56,92.56
8870.0,92.30,92.30,92.30
8880.0,94.07,94.07,94.07
8890.0,94.37,94.37,94.37
8900.0,94.24,94.24,94.24
8910.0,93.93,93.93,93.93
8920.0,93.26,93.26,93.26
8930.0,91.80,91.80,91.80
8940.0,92.40,92.40,92.40
8950.0,92.60,92.60,92.60
8960.0,93.43,93.43,93.43
8970.0,92.69,92.69,92.69
8980.0,92.38,92.38,92.38
8990.0,91.40,91.40,91.40
9000.0,91.38,91.38,91.38
9010.0,89.83,89.83,89.83
9020.0,87.72,87.72,87.72
9030.0,92.23,92.23,92.23
9040.0,92.10,92.10,92.10
9050.0,91.80,91.80,91.80
9060.0,90.78,90.78,90.78
9070.0,91.45,91.45,91.45
9080.0,90.14,90.14,90.14
9090.0,88.55,88.55,88.55
9100.0,89.50,89.50,89.50
9110.0,89.73,89.73,89.73
9120.0,89.02,89.02,89.02
9130.0,90.02,90.02,90.02
9140.0,89.82,89.82,89.82
9150.0,88.83,88.83,88.83
9160.0,89.47,89.47,89.47
9170.0,88.86,88.86,88.86
9180.0,88.81,88.81,88.81
9190.0,89.21,89.21,89.21
9200.0,88.54,88.54,88.54
9210.0,87.03,87.03,87.03
9220.0,86.28,86.28,86.28
9230.0,83.34,83.34,83.34
9240.0,86.96,86.96,86.96
9250.0,87.64,87.64,87.64
9260.0,84.56,84.56,84.56
9270.0,87.81,87.81,87.81
9280.0,87.11,87.11,87.11
9290.0,86.95,86.95,86.95
9300.0,86.87,86.87,86.87
9310.0,87.08,87.08,87.08
9320.0,86.51,86.51,86.51
9330.0,86.96,86.96,86.96
9340.0,86.71,86.71,86.71
9350.0,85.60,85.60,85.60
9360.0,85.22,85.22,85.22
9370.0,85.37,85.37,85.37
9380.0,85.94,85.94,85.94
9390.0,85.68,85.68,85.68
9400.0,84.00,84.00,84.00
9410.0,83.15,83.15,83.15
9420.0,80.62,80.62,80.62
9430.0,83.81,83.81,83.81
9440.0,81.85,81.85,81.85
9450.0,82.44,82.44,82.44
9460.0,83.14,83.14,83.14
9470.0,82.81,82.81,82.81
9480.0,83.14,83.14,83.14
9490.0,83.30,83.30,83.30
9500.0,82.87,82.87,82.87
9510.0,82.02,82.02,82.02
9520.0,82.40,82.40,82.40
9530.0,82.05,82.05,82.05
9540.0,81.20,81.20,81.20
9550.0,76.90,76.90,76.90
9560.0,80.20,80.20,80.20
9570.0,80.58,80.58,80.58
9580.0,81.15,81.15,81.15
9590.0,81.48,81.48,81.48
9600.0,80.63,80.63,80.63
9610.0,79.98,79.98,79.98
9620.0,80.17,80.17,80.17
9630.0,79.76,79.76,79.76
9640.0,78.81,78.81,78.81
9650.0,79.58,79.58,79.58
9660.0,78.60,78.60,78.60
9670.0,79.50,79.50,79.50
9680.0,78.53,78.53,78.53
9690.0,78.79,78.79,78.79
9700.0,79.14,79.14,79.14
9710.0,78.19,78.19,78.19
9720.0,78.79,78.79,78.79
9730.0,78.15,78.15,78.15
9740.0,76.88,76.88,76.88
9750.0,77.35,77.35,77.35
9760.0,78.05,78.05,78.05
9770.0,77.21,77.21,77.21
9780.0,77.80,77.80,77.80
9790.0,76.65,76.65,76.65
9800.0,77.51,77.51,77.51
9810.0,77.30,77.30,77.30
9820.0,77.88,77.88,77.88
9830.0,77.54,77.54,77.54
9840.0,76.88,76.88,76.88
9850.0,77.08,77.08,77.08
9860.0,76.62,76.62,76.62
9870.0,76.61,76.61,76.61
9880.0,76.37,76.37,76.37
9890.0,75.50,75.50,75.50
9900.0,75.69,75.69,75.69
9910.0,76.16,76.16,76.16
9920.0,75.71,75.71,75.71
9930.0,75.64,75.64,75.64
9940.0,75.85,75.85,75.85
9950.0,75.39,75.39,75.39
9960.0,75.35,75.35,75.35
9970.0,74.30,74.30,74.30
9980.0,74.30,74.30,74.30
9990.0,74.20,74.20,74.20
10000.0,74.26,74.26,74.26
10010.0,74.74,74.74,74.74
10020.0,74.68,74.68,74.68
10030.0,73.84,73.84,73.84
10040.0,73.13,73.13,73.13
10050.0,68.37,68.37,68.37
10060.0,71.77,71.77,71.77
10070.0,73.09,73.09,73.09
10080.0,73.34,73.34,73.34
10090.0,72.93,72.93,72.93
10100.0,73.06,73.06,73.06
10110.0,72.56,72.56,72.56
10120.0,72.50,72.50,72.50
10130.0,71.96,71.96,71.96
10140.0,72.27,72.27,72.27
10150.0,71.06,71.06,71.06
10160.0,71.42,71.42,71.42
10170.0,70.66,70.66,70.66
10180.0,71.57,71.57,71.57
10190.0,69.61,69.61,69.61
10200.0,70.13,70.13,70.13
10210.0,70.30,70.30,70.30
10220.0,69.30,69.30,69.30
10230.0,69.90,69.90,69.90
10240.0,70.06,70.06,70.06
10250.0,69.92,69.92,69.92
10260.0,69.94,69.94,69.94
10270.0,69.59,69.59,69.59
10280.0,69.72,69.72,69.72
10290.0,69.00,69.00,69.00
10300.0,69.21,69.21,69.21
10310.0,68.99,68.99,68.99
10320.0,68.96,68.96,68.96
10330.0,67.80,67.80,67.80
10340.0,68.18,68.18,68.18
10350.0,68.40,68.40,68.40
10360.0,68.43,68.43,68.43
10370.0,67.73,67.73,67.73
10380.0,67.40,67.40,67.40
10390.0,67.90,67.90,67.90
10400.0,67.44,67.44,67.44
10410.0,67.49,67.49,67.49
10420.0,67.52,67.52,67.52
10430.0,66.86,66.86,66.86
10440.0,67.20,67.20,67.20
10450.0,66.85,66.85,66.85
10460.0,65.13,65.13,65.13
10470.0,66.16,66.16,66.16
10480.0,66.78,66.78,66.78
10490.0,66.49,66.49,66.49
10500.0,66.12,66.12,66.12
10510.0,66.18,66.18,66.18
10520.0,65.85,65.85,65.85
10530.0,65.70,65.70,65.70
10540.0,65.47,65.47,65.47
10550.0,65.75,65.75,65.75
10560.0,65.63,65.63,65.63
10570.0,65.54,65.54,65.54
10580.0,64.94,64.94,64.94
10590.0,63.05,63.05,63.05
10600.0,64.83,64.83,64.83
10610.0,63.39,63.39,63.39
10620.0,64.65,64.65,64.65
10630.0,63.67,63.67,63.67
10640.0,64.62,64.62,64.62
10650.0,64.53,64.53,64.53
10660.0,63.14,63.14,63.14
10670.0,63.52,63.52,63.52
10680.0,63.59,63.59,63.59
10690.0,60.08,60.08,60.08
10700.0,62.17,62.17,62.17
10710.0,62.82,62.82,62.82
10720.0,63.13,63.13,63.13
10730.0,61.80,61.80,61.80
10740.0,63.06,63.06,63.06
10750.0,61.77,61.77,61.77
10760.0,62.47,62.47,62.47
10770.0,62.43,62.43,62.43
10780.0,62.53,62.53,62.53
10790.0,61.20,61.20,61.20
10800.0,62.25,62.25,62.25
10810.0,60.73,60.73,60.73
10820.0,60.25,60.25,60.25
10830.0,60.90,60.90,60.90
10840.0,61.39,61.39,61.39
10850.0,61.18,61.18,61.18
10860.0,61.57,61.57,61.57
10870.0,59.15,59.15,59.15
10880.0,60.73,60.73,60.73
10890.0,60.91,60.91,60.91
10900.0,60.44,60.44,60.44
10910.0,60.80,60.80,60.80
10920.0,59.69,59.69,59.69
10930.0,59.22,59.22,59.22
10940.0,56.07,56.07,56.07
10950.0,58.25,58.25,58.25
10960.0,58.60,58.60,58.60
10970.0,59.10,59.10,59.10
10980.0,58.70,58.70,58.70
10990.0,58.22,58.22,58.22
11000.0,60.00,60.00,60.00
11010.0,59.90,59.90,59.90
11020.0,58.20,58.20,58.20
11030.0,59.50,59.50,59.50
11040.0,59.30,59.30,59.30
11050.0,59.10,59.10,59.10
11060.0,59.00,59.00,59.00
11070.0,58.60,58.60,58.60
11080.0,58.65,58.65,58.65
11090.0,58.55,58.55,58.55
11100.0,58.70,58.70,58.70
11110.0,58.25,58.25,58.25
11120.0,58.34,58.34,58.34
11130.0,57.80,57.80,57.80
11140.0,58.40,58.40,58.40
11150.0,58.20,58.20,58.20
11160.0,57.50,57.50,57.50
11170.0,58.30,58.30,58.30
11180.0,57.22,57.22,57.22
11190.0,57.15,57.15,57.15
11200.0,56.85,56.85,56.85
11210.0,57.20,57.20,57.20
11220.0,57.50,57.50,57.50
11230.0,57.40,57.40,57.40
11240.0,57.25,57.25,57.25
11250.0,57.01,57.01,57.01
11260.0,55.30,55.30,55.30
11270.0,56.18,56.18,56.18
11280.0,56.83,56.83,56.83
11290.0,56.84,56.84,56.84
11300.0,56.40,56.40,56.40
11310.0,56.80,56.80,56.80
11320.0,57.00,57.00,57.00
11330.0,56.19,56.19,56.19
11340.0,56.35,56.35,56.35
11350.0,56.25,56.25,56.25
11360.0,56.48,56.48,56.48
11370.0,55.20,55.20,55.20
11380.0,54.40,54.40,54.40
11390.0,55.30,55.30,55.30
11400.0,55.57,55.57,55.57
11410.0,54.30,54.30,54.30
11420.0,55.53,55.53,55.53
11430.0,54.96,54.96,54.96
11440.0,54.50,54.50,54.50
11450.0,55.00,55.00,55.00
11460.0,55.41,55.41,55.41
11470.0,55.41,55.41,55.41
11480.0,55.03,55.03,55.03
11490.0,54.79,54.79,54.79
11500.0,54.62,54.62,54.62
11510.0,54.53,54.53,54.53
11520.0,54.17,54.17,54.17
11530.0,54.31,54.31,54.31
11540.0,54.65,54.65,54.65
11550.0,54.73,54.73,54.73
11560.0,54.02,54.02,54.02
11570.0,54.37,54.37,54.37
11580.0,54.33,54.33,54.33
11590.0,53.55,53.55,53.55
11600.0,52.93,52.93,52.93
11610.0,51.90,51.90,51.90
11620.0,53.34,53.34,53.34
11630.0,53.71,53.71,53.71
11640.0,52.68,52.68,52.68
11650.0,53.48,53.48,53.48
11660.0,52.23,52.23,52.23
11670.0,52.98,52.98,52.98
11680.0,53.42,53.42,53.42
11690.0,51.64,51.64,51.64
11700.0,52.88,52.88,52.88
11710.0,53.07,53.07,53.07
11720.0,53.06,53.06,53.06
11730.0,52.69,52.69,52.69
11740.0,52.76,52.76,52.76
11750.0,51.85,51.85,51.85
11760.0,51.04,51.04,51.04
11770.0,52.30,52.30,52.30
11780.0,51.70,51.70,51.70
11790.0,51.50,51.50,51.50
11800.0,52.20,52.20,52.20
11810.0,51.84,51.84,51.84
11820.0,51.74,51.74,51.74
11830.0,48.82,48.82,48.82
11840.0,51.10,51.10,51.10
11850.0,51.61,51.61,51.61
11860.0,51.52,51.52,51.52
11870.0,51.46,51.46,51.46
11880.0,51.01,51.01,51.01
11890.0,48.40,48.40,48.40
11900.0,50.58,50.58,50.58
11910.0,51.35,51.35,51.35
11920.0,51.18,51.18,51.18
11930.0,51.06,51.06,51.06
11940.0,51.13,51.13,51.13
11950.0,50.59,50.59,50.59
11960.0,50.56,50.56,50.56
11970.0,50.29,50.29,50.29
11980.0,49.22,49.22,49.22
11990.0,47.43,47.43,47.43
12000.0,50.01,50.01,50.01
12010.0,50.58,50.58,50.58
12020.0,50.71,50.71,50.71
12030.0,48.84,48.84,48.84
12040.0,48.70,48.70,48.70
12050.0,50.20,50.20,50.20
12060.0,49.87,49.87,49.87
12070.0,50.14,50.14,50.14
12080.0,48.96,48.96,48.96
12090.0,46.64,46.64,46.64
12100.0,49.23,49.23,49.23
12110.0,47.91,47.91,47.91
12120.0,49.06,49.06,49.06
12130.0,49.19,49.19,49.19
12140.0,48.93,48.93,48.93
12150.0,49.04,49.04,49.04
12160.0,48.88,48.88,48.88
12170.0,48.76,48.76,48.76
12180.0,48.60,48.60,48.60
12190.0,48.23,48.23,48.23
12200.0,48.43,48.43,48.43
12210.0,48.34,48.34,48.34
12220.0,48.13,48.13,48.13
12230.0,47.60,47.60,47.60
12240.0,48.22,48.22,48.22
12250.0,47.93,47.93,47.93
12260.0,48.03,48.03,48.03
12270.0,46.84,46.84,46.84
12280.0,47.44,47.44,47.44
12290.0,47.73,47.73,47.73
12300.0,47.50,47.50,47.50
12310.0,47.43,47.43,47.43
12320.0,46.90,46.90,46.90
12330.0,47.12,47.12,47.12
12340.0,46.95,46.95,46.95
12350.0,46.64,46.64,46.64
12360.0,46.86,46.86,46.86
12370.0,46.79,46.79,46.79
12380.0,46.75,46.75,46.75
12390.0,46.24,46.24,46.24
12400.0,45.97,45.97,45.97
12410.0,46.44,46.44,46.44
12420.0,46.17,46.17,46.17
12430.0,45.66,45.66,45.66
12440.0,45.54,45.54,45.54
12450.0,45.60,45.60,45.60
12460.0,45.88,45.88,45.88
12470.0,45.78,45.78,45.78
12480.0,46.08,46.08,46.08
12490.0,46.01,46.01,46.01
12500.0,45.86,45.86,45.86
12510.0,45.64,45.64,45.64
12520.0,45.20,45.20,45.20
12530.0,45.37,45.37,45.37
12540.0,45.36,45.36,45.36
12550.0,45.30,45.30,45.30
12560.0,45.19,45.19,45.19
12570.0,44.88,44.88,44.88
12580.0,45.12,45.12,45.12
12590.0,44.80,44.80,44.80
12600.0,45.02,45.02,45.02
12610.0,44.93,44.93,44.93
12620.0,44.25,44.25,44.25
12630.0,44.83,44.83,44.83
12640.0,44.20,44.20,44.20
12650.0,44.27,44.27,44.27
12660.0,44.62,44.62,44.62
12670.0,43.91,43.91,43.91
12680.0,43.59,43.59,43.59
12690.0,44.04,44.04,44.04
12700.0,44.21,44.21,44.21
12710.0,44.29,44.29,44.29
12720.0,44.13,44.13,44.13
12730.0,44.08,44.08,44.08
12740.0,43.81,43.81,43.81
12750.0,44.07,44.07,44.07
12760.0,44.19,44.19,44.19
12770.0,44.19,44.19,44.19
12780.0,44.07,44.07,44.07
12790.0,43.80,43.80,43.80
12800.0,43.54,43.54,43.54
12810.0,42.27,42.27,42.27
12820.0,37.59,37.59,37.59
12830.0,41.16,41.16,41.16
12840.0,42.67,42.67,42.67
12850.0,42.91,42.91,42.91
12860.0,42.88,42.88,42.88
12870.0,43.04,43.04,43.04
12880.0,42.68,42.68,42.68
12890.0,42.76,42.76,42.76
12900.0,41.85,41.85,41.85
12910.0,42.16,42.16,42.16
12920.0,42.28,42.28,42.28
12930.0,42.26,42.26,42.26
12940.0,41.62,41.62,41.62
12950.0,41.94,41.94,41.94
12960.0,41.98,41.98,41.98
12970.0,41.72,41.72,41.72
12980.0,41.26,41.26,41.26
12990.0,41.70,41.70,41.70
13000.0,41.54,41.54,41.54
13010.0,41.40,41.40,41.40
13020.0,40.96,40.96,40.96
13030.0,40.77,40.77,40.77
13040.0,40.63,40.63,40.63
13050.0,41.03,41.03,41.03
13060.0,41.04,41.04,41.04
13070.0,40.96,40.96,40.96
13080.0,40.87,40.87,40.87
13090.0,40.91,40.91,40.91
13100.0,40.71,40.71,40.71
13110.0,40.61,40.61,40.61
13120.0,40.32,40.32,40.32
13130.0,39.08,39.08,39.08
13140.0,40.27,40.27,40.27
13150.0,39.16,39.16,39.16
13160.0,39.42,39.42,39.42
13170.0,40.12,40.12,40.12
13180.0,39.55,39.55,39.55
13190.0,40.09,40.09,40.09
13200.0,39.88,39.88,39.88
13210.0,39.55,39.55,39.55
13220.0,39.54,39.54,39.54
13230.0,39.50,39.50,39.50
13240.0,39.52,39.52,39.52
13250.0,39.37,39.37,39.37
13260.0,39.23,39.23,39.23
13270.0,38.88,38.88,38.88
13280.0,39.06,39.06,39.06
13290.0,37.95,37.95,37.95
13300.0,38.55,38.55,38.55
13310.0,38.77,38.77,38.77
13320.0,37.85,37.85,37.85
13330.0,38.70,38.70,38.70
13340.0,38.68,38.68,38.68
13350.0,38.56,38.56,38.56
13360.0,38.23,38.23,38.23
13370.0,38.29,38.29,38.29
13380.0,38.09,38.09,38.09
13390.0,37.57,37.57,37.57
13400.0,37.44,37.44,37.44
13410.0,38.17,38.17,38.17
13420.0,38.02,38.02,38.02
13430.0,37.98,37.98,37.98
13440.0,37.99,37.99,37.99
13450.0,37.95,37.95,37.95
13460.0,37.55,37.55,37.55
13470.0,37.76,37.76,37.76
13480.0,37.66,37.66,37.66
13490.0,37.55,37.55,37.55
13500.0,37.08,37.08,37.08
13510.0,37.17,37.17,37.17
13520.0,37.53,37.53,37.53
13530.0,37.40,37.40,37.40
13540.0,37.29,37.29,37.29
13550.0,36.83,36.83,36.83
13560.0,36.88,36.88,36.88
13570.0,36.44,36.44,36.44
13580.0,37.00,37.00,37.00
13590.0,36.90,36.90,36.90
13600.0,36.46,36.46,36.46
13610.0,37.03,37.03,37.03
13620.0,36.94,36.94,36.94
13630.0,36.19,36.19,36.19
13640.0,36.68,36.68,36.68
13650.0,36.63,36.63,36.63
13660.0,36.59,36.59,36.59
13670.0,36.24,36.24,36.24
13680.0,36.56,36.56,36.56
13690.0,35.89,35.89,35.89
13700.0,35.91,35.91,35.91
13710.0,35.95,35.95,35.95
13720.0,36.31,36.31,36.31
13730.0,36.29,36.29,36.29
13740.0,36.29,36.29,36.29
13750.0,35.75,35.75,35.75
13760.0,35.35,35.35,35.35
13770.0,35.79,35.79,35.79
13780.0,35.65,35.65,35.65
13790.0,36.04,36.04,36.04
13800.0,35.68,35.68,35.68
13810.0,35.78,35.78,35.78
13820.0,35.27,35.27,35.27
13830.0,35.38,35.38,35.38
13840.0,35.59,35.59,35.59
13850.0,35.24,35.24,35.24
13860.0,35.49,35.49,35.49
13870.0,35.14,35.14,35.14
13880.0,35.28,35.28,35.28
13890.0,35.41,35.41,35.41
13900.0,34.74,34.74,34.74
13910.0,35.24,35.24,35.24
13920.0,35.18,35.18,35.18
13930.0,35.01,35.01,35.01
13940.0,34.76,34.76,34.76
13950.0,34.75,34.75,34.75
13960.0,34.94,34.94,34.94
13970.0,34.93,34.93,34.93
13980.0,34.95,34.95,34.95
13990.0,34.89,34.89,34.89
14000.0,33.90,33.90,33.90
14010.0,33.93,33.93,33.93
14020.0,34.41,34.41,34.41
14030.0,34.01,34.01,34.01
14040.0,34.11,34.11,34.11
14050.0,34.01,34.01,34.01
14060.0,34.16,34.16,34.16
14070.0,34.09,34.09,34.09
14080.0,34.01,34.01,34.01
14090.0,34.12,34.12,34.12
14100.0,34.05,34.05,34.05
14110.0,33.77,33.77,33.77
14120.0,32.92,32.92,32.92
14130.0,33.29,33.29,33.29
14140.0,33.70,33.70,33.70
14150.0,33.71,33.71,33.71
14160.0,33.50,33.50,33.50
14170.0,33.75,33.75,33.75
14180.0,33.77,33.77,33.77
14190.0,33.39,33.39,33.39
14200.0,33.27,33.27,33.27
14210.0,33.59,33.59,33.59
14220.0,32.88,32.88,32.88
14230.0,32.88,32.88,32.88
14240.0,32.77,32.77,32.77
14250.0,33.26,33.26,33.26
14260.0,32.31,32.31,32.31
14270.0,32.75,32.75,32.75
14280.0,33.04,33.04,33.04
14290.0,32.35,32.35,32.35
14300.0,32.28,32.28,32.28
14310.0,32.42,32.42,32.42
14320.0,33.11,33.11,33.11
14330.0,33.07,33.07,33.07
14340.0,32.51,32.51,32.51
14350.0,32.73,32.73,32.73
14360.0,32.66,32.66,32.66
14370.0,32.79,32.79,32.79
14380.0,32.60,32.60,32.60
14390.0,32.86,32.86,32.86
14400.0,31.27,31.27,31.27
14410.0,31.70,31.70,31.70
14420.0,31.58,31.58,31.58
14430.0,31.78,31.78,31.78
14440.0,31.91,31.91,31.91
14450.0,31.93,31.93,31.93
14460.0,32.14,32.14,32.14
14470.0,31.76,31.76,31.76
14480.0,32.10,32.10,32.10
14490.0,32.03,32.03,32.03
14500.0,31.77,31.77,31.77
14510.0,31.37,31.37,31.37
14520.0,31.36,31.36,31.36
14530.0,31.54,31.54,31.54
14540.0,31.28,31.28,31.28
14550.0,31.21,31.21,31.21
14560.0,30.96,30.96,30.96
14570.0,31.24,31.24,31.24
14580.0,31.61,31.61,31.61
14590.0,31.75,31.75,31.75
14600.0,31.37,31.37,31.37
14610.0,31.31,31.31,31.31
14620.0,31.02,31.02,31.02
14630.0,30.82,30.82,30.82
14640.0,30.82,30.82,30.82
14650.0,31.16,31.16,31.16
14660.0,30.70,30.70,30.70
14670.0,31.32,31.32,31.32
14680.0,30.75,30.75,30.75
14690.0,31.20,31.20,31.20
14700.0,31.01,31.01,31.01
14710.0,30.41,30.41,30.41
14720.0,30.58,30.58,30.58
14730.0,30.55,30.55,30.55
14740.0,29.71,29.71,29.71
14750.0,30.35,30.35,30.35
14760.0,30.37,30.37,30.37
14770.0,30.25,30.25,30.25
14780.0,30.23,30.23,30.23
14790.0,30.46,30.46,30.46
14800.0,30.63,30.63,30.63
14810.0,30.18,30.18,30.18
14820.0,30.46,30.46,30.46
14830.0,29.81,29.81,29.81
14840.0,30.17,30.17,30.17
14850.0,30.61,30.61,30.61
14860.0,30.17,30.17,30.17
14870.0,29.99,29.99,29.99
14880.0,26.53,26.53,26.53
14890.0,29.91,29.91,29.91
14900.0,30.09,30.09,30.09
14910.0,30.18,30.18,30.18
14920.0,29.77,29.77,29.77
14930.0,30.20,30.20,30.20
14940.0,30.19,30.19,30.19
14950.0,30.07,30.07,30.07
14960.0,29.14,29.14,29.14
14970.0,29.68,29.68,29.68
14980.0,29.95,29.95,29.95
14990.0,29.53,29.53,29.53
15000.0,30.08,30.08,30.08
15010.0,29.99,29.99,29.99
15020.0,29.74,29.74,29.74
15030.0,26.92,26.92,26.92
15040.0,28.32,28.32,28.32
15050.0,27.15,27.15,27.15
15060.0,28.37,28.37,28.37
15070.0,29.38,29.38,29.38
15080.0,29.03,29.03,29.03
15090.0,28.81,28.81,28.81
15100.0,29.39,29.39,29.39
15110.0,29.45,29.45,29.45
15120.0,28.85,28.85,28.85
15130.0,28.73,28.73,28.73
15140.0,28.50,28.50,28.50
15150.0,28.81,28.81,28.81
15160.0,28.72,28.72,28.72
15170.0,28.53,28.53,28.53
15180.0,28.97,28.97,28.97
15190.0,28.50,28.50,28.50
15200.0,28.79,28.79,28.79
15210.0,28.08,28.08,28.08
15220.0,28.03,28.03,28.03
15230.0,28.45,28.45,28.45
15240.0,28.46,28.46,28.46
15250.0,27.85,27.85,27.85
15260.0,28.60,28.60,28.60
15270.0,28.30,28.30,28.30
15280.0,28.49,28.49,28.49
15290.0,28.29,28.29,28.29
15300.0,26.73,26.73,26.73
15310.0,28.27,28.27,28.27
15320.0,28.26,28.26,28.26
15330.0,28.04,28.04,28.04
15340.0,27.54,27.54,27.54
15350.0,27.75,27.75,27.75
15360.0,28.06,28.06,28.06
15370.0,28.10,28.10,28.10
15380.0,27.34,27.34,27.34
15390.0,27.81,27.81,27.81
15400.0,26.86,26.86,26.86
15410.0,27.30,27.30,27.30
15420.0,27.54,27.54,27.54
15430.0,27.50,27.50,27.50
15440.0,27.72,27.72,27.72
15450.0,27.77,27.77,27.77
15460.0,27.72,27.72,27.72
15470.0,27.35,27.35,27.35
15480.0,26.70,26.70,26.70
15490.0,27.27,27.27,27.27
15500.0,26.96,26.96,26.96
15510.0,27.08,27.08,27.08
15520.0,27.40,27.40,27.40
15530.0,27.09,27.09,27.09
15540.0,26.50,26.50,26.50
15550.0,26.71,26.71,26.71
15560.0,26.29,26.29,26.29
15570.0,27.01,27.01,27.01
15580.0,26.81,26.81,26.81
15590.0,26.78,26.78,26.78
15600.0,26.55,26.55,26.55
15610.0,26.97,26.97,26.97
15620.0,26.83,26.83,26.83
15630.0,26.69,26.69,26.69
15640.0,26.31,26.31,26.31
15650.0,26.68,26.68,26.68
15660.0,26.26,26.26,26.26
15670.0,26.35,26.35,26.35
15680.0,26.04,26.04,26.04
15690.0,26.28,26.28,26.28
15700.0,26.07,26.07,26.07
15710.0,26.67,26.67,26.67
15720.0,26.69,26.69,26.69
15730.0,26.34,26.34,26.34
15740.0,26.22,26.22,26.22
15750.0,24.74,24.74,24.74
15760.0,26.03,26.03,26.03
15770.0,23.69,23.69,23.69
15780.0,25.72,25.72,25.72
15790.0,26.17,26.17,26.17
15800.0,26.38,26.38,26.38
15810.0,26.48,26.48,26.48
15820.0,25.41,25.41,25.41
15830.0,25.77,25.77,25.77
15840.0,25.45,25.45,25.45
15850.0,26.20,26.20,26.20
15860.0,25.82,25.82,25.82
15870.0,25.49,25.49,25.49
15880.0,25.05,25.05,25.05
15890.0,23.15,23.15,23.15
15900.0,24.15,24.15,24.15
15910.0,24.13,24.13,24.13
15920.0,25.29,25.29,25.29
15930.0,25.75,25.75,25.75
15940.0,25.64,25.64,25.64
15950.0,25.77,25.77,25.77
15960.0,24.45,24.45,24.45
15970.0,24.85,24.85,24.85
15980.0,25.63,25.63,25.63
15990.0,24.98,24.98,24.98
16000.0,25.26,25.26,25.26
16010.0,24.49,24.49,24.49
16020.0,24.86,24.86,24.86
16030.0,24.90,24.90,24.90
16040.0,25.00,25.00,25.00
16050.0,24.70,24.70,24.70
16060.0,24.75,24.75,24.75
16070.0,24.54,24.54,24.54
16080.0,25.00,25.00,25.00
16090.0,24.86,24.86,24.86
16100.0,23.31,23.31,23.31
16110.0,24.08,24.08,24.08
16120.0,24.13,24.13,24.13
16130.0,24.58,24.58,24.58
16140.0,24.35,24.35,24.35
16150.0,24.43,24.43,24.43
16160.0,23.25,23.25,23.25
16170.0,23.64,23.64,23.64
16180.0,24.42,24.42,24.42
16190.0,24.22,24.22,24.22
16200.0,23.41,23.41,23.41
16210.0,23.39,23.39,23.39
16220.0,23.70,23.70,23.70
16230.0,24.17,24.17,24.17
16240.0,24.24,24.24,24.24
16250.0,23.75,23.75,23.75
16260.0,23.96,23.96,23.96
16270.0,24.04,24.04,24.04
16280.0,24.15,24.15,24.15
16290.0,24.11,24.11,24.11
16300.0,23.66,23.66,23.66
16310.0,23.93,23.93,23.93
16320.0,23.88,23.88,23.88
16330.0,23.59,23.59,23.59
16340.0,23.28,23.28,23.28
16350.0,23.74,23.74,23.74
16360.0,23.68,23.68,23.68
16370.0,22.75,22.75,22.75
16380.0,22.71,22.71,22.71
16390.0,22.21,22.21,22.21
16400.0,22.57,22.57,22.57
16410.0,22.39,22.39,22.39
16420.0,22.40,22.40,22.40
16430.0,22.88,22.88,22.88
16440.0,22.57,22.57,22.57
16450.0,22.51,22.51,22.51
16460.0,22.90,22.90,22.90
16470.0,22.91,22.91,22.91
16480.0,22.90,22.90,22.90
16490.0,22.35,22.35,22.35
16500.0,22.84,22.84,22.84
16510.0,22.37,22.37,22.37
16520.0,22.80,22.80,22.80
16530.0,22.53,22.53,22.53
16540.0,22.65,22.65,22.65
16550.0,22.39,22.39,22.39
16560.0,22.61,22.61,22.61
16570.0,22.56,22.56,22.56
16580.0,22.53,22.53,22.53
16590.0,22.22,22.22,22.22
16600.0,22.41,22.41,22.41
16610.0,22.54,22.54,22.54
16620.0,22.42,22.42,22.42
16630.0,22.27,22.27,22.27
16640.0,22.25,22.25,22.25
16650.0,22.14,22.14,22.14
16660.0,21.85,21.85,21.85
16670.0,22.02,22.02,22.02
16680.0,21.62,21.62,21.62
16690.0,21.81,21.81,21.81
16700.0,22.21,22.21,22.21
16710.0,22.10,22.10,22.10
16720.0,21.21,21.21,21.21
16730.0,21.61,21.61,21.61
16740.0,21.91,21.91,21.91
16750.0,21.62,21.62,21.62
16760.0,21.32,21.32,21.32
16770.0,21.55,21.55,21.55
16780.0,21.59,21.59,21.59
16790.0,21.30,21.30,21.30
16800.0,20.64,20.64,20.64
16810.0,19.85,19.85,19.85
16820.0,20.34,20.34,20.34
16830.0,20.89,20.89,20.89
16840.0,21.20,21.20,21.20
16850.0,21.31,21.31,21.31
16860.0,21.03,21.03,21.03
16870.0,21.12,21.12,21.12
16880.0,21.08,21.08,21.08
16890.0,20.81,20.81,20.81
16900.0,20.85,20.85,20.85
16910.0,21.20,21.20,21.20
16920.0,21.21,21.21,21.21
16930.0,21.12,21.12,21.12
16940.0,21.07,21.07,21.07
16950.0,21.06,21.06,21.06
16960.0,20.96,20.96,20.96
16970.0,20.85,20.85,20.85
16980.0,20.88,20.88,20.88
16990.0,20.80,20.80,20.80
17000.0,20.54,20.54,20.54
17020.0,20.52,20.52,20.52
17050.0,20.43,20.43,20.43
17100.0,19.89,19.89,19.89
17150.0,20.19,20.19,20.19
17200.0,19.80,19.80,19.80
17250.0,19.69,19.69,19.69
17300.0,19.31,19.31,19.31
17350.0,18.20,18.20,18.20
17400.0,19.00,19.00,19.00
17450.0,18.62,18.62,18.62
17500.0,18.52,18.52,18.52
17550.0,18.51,18.51,18.51
17600.0,18.24,18.24,18.24
17650.0,18.14,18.14,18.14
17700.0,17.97,17.97,17.97
17750.0,17.60,17.60,17.60
17800.0,17.55,17.55,17.55
17850.0,17.41,17.41,17.41
17900.0,17.37,17.37,17.37
17950.0,17.10,17.10,17.10
18000.0,16.80,16.80,16.80
18050.0,16.88,16.88,16.88
18100.0,16.86,16.86,16.86
18150.0,15.50,15.50,15.50
18200.0,16.00,16.00,16.00
18250.0,16.26,16.26,16.26
18300.0,15.92,15.92,15.92
18350.0,15.76,15.76,15.76
18400.0,15.55,15.55,15.55
18450.0,15.29,15.29,15.29
18500.0,15.34,15.34,15.34
18550.0,15.13,15.13,15.13
18600.0,14.93,14.93,14.93
18650.0,14.71,14.71,14.71
18700.0,14.57,14.57,14.57
18750.0,13.23,13.23,13.23
18800.0,14.67,14.67,14.67
18850.0,14.57,14.57,14.57
18900.0,14.04,14.04,14.04
18950.0,13.84,13.84,13.84
19000.0,14.04,14.04,14.04
19050.0,13.90,13.90,13.90
19100.0,13.65,13.65,13.65
19150.0,13.61,13.61,13.61
19200.0,13.46,13.46,13.46
19250.0,13.45,13.45,13.45
19300.0,13.15,13.15,13.15
19350.0,13.24,13.24,13.24
19400.0,12.95,12.95,12.95
19450.0,11.95,11.95,11.95
19500.0,12.63,12.63,12.63
19550.0,12.83,12.83,12.83
19600.0,12.61,12.61,12.61
19650.0,12.29,12.29,12.29
19700.0,12.38,12.38,12.38
19750.0,12.15,12.15,12.15
19800.0,11.97,11.97,11.97
19850.0,11.90,11.90,11.90
19900.0,11.98,11.98,11.98
19950.0,11.68,11.68,11.68
20000.0,11.67,11.67,11.67
20050.0,11.50,11.50,11.50
20100.0,11.51,11.51,11.51
20150.0,11.40,11.40,11.40
20200.0,11.19,11.19,11.19
20250.0,11.18,11.18,11.18
20300.0,10.97,10.97,10.97
20350.0,10.92,10.92,10.92
20400.0,10.72,10.72,10.72
20450.0,10.76,10.76,10.76
20500.0,10.59,10.59,10.59
20550.0,10.47,10.47,10.47
20600.0,10.32,10.32,10.32
20650.0,10.18,10.18,10.18
20700.0,10.10,10.10,10.10
20750.0,10.10,10.10,10.10
20800.0,9.93,9.93,9.93
20850.0,9.83,9.83,9.83
20900.0,9.75,9.75,9.75
20950.0,9.60,9.60,9.60
21000.0,9.62,9.62,9.62
21050.0,9.58,9.58,9.58
21100.0,9.46,9.46,9.46
21150.0,9.39,9.39,9.39
21200.0,9.31,9.31,9.31
21250.0,9.22,9.22,9.22
21300.0,9.24,9.24,9.24
21350.0,9.11,9.11,9.11
21400.0,9.11,9.11,9.11
21450.0,8.99,8.99,8.99
21500.0,8.97,8.97,8.97
21550.0,8.89,8.89,8.89
21600.0,8.79,8.79,8.79
21650.0,8.20,8.20,8.20
21700.0,8.54,8.54,8.54
21750.0,8.58,8.58,8.58
21800.0,8.46,8.46,8.46
21850.0,8.47,8.47,8.47
21900.0,8.31,8.31,8.31
21950.0,8.35,8.35,8.35
22000.0,8.28,8.28,8.28
22050.0,8.09,8.09,8.09
22100.0,8.08,8.08,8.08
22150.0,8.04,8.04,8.04
22200.0,8.00,8.00,8.00
22250.0,7.88,7.88,7.88
22300.0,7.84,7.84,7.84
22350.0,7.79,7.79,7.79
22400.0,7.65,7.65,7.65
22450.0,7.63,7.63,7.63
22500.0,7.54,7.54,7.54
22550.0,7.43,7.43,7.43
22600.0,7.41,7.41,7.41
22650.0,7.33,7.33,7.33
22700.0,7.31,7.31,7.31
22750.0,7.26,7.26,7.26
22800.0,7.14,7.14,7.14
22850.0,7.14,7.14,7.14
22900.0,7.12,7.12,7.12
22950.0,6.93,6.93,6.93
23000.0,6.96,6.96,6.96
23050.0,6.94,6.94,6.94
23100.0,6.89,6.89,6.89
23150.0,6.82,6.82,6.82
23200.0,6.76,6.76,6.76
23250.0,6.56,6.56,6.56
23300.0,6.62,6.62,6.62
23350.0,6.57,6.57,6.57
23400.0,6.52,6.52,6.52
23450.0,6.51,6.51,6.51
23500.0,6.43,6.43,6.43
23550.0,6.26,6.26,6.26
23600.0,6.31,6.31,6.31
23650.0,6.30,6.30,6.30
23700.0,6.24,6.24,6.24
23750.0,6.14,6.14,6.14
23800.0,6.18,6.18,6.18
23850.0,5.91,5.91,5.91
23900.0,6.04,6.04,6.04
23950.0,6.01,6.01,6.01
24000.0,5.97,5.97,5.97
24050.0,5.94,5.94,5.94
24100.0,5.92,5.92,5.92
24150.0,5.70,5.70,5.70
24200.0,5.78,5.78,5.78
24250.0,5.73,5.73,5.73
24300.0,5.72,5.72,5.72
24350.0,5.65,5.65,5.65
24400.0,5.63,5.63,5.63
24450.0,5.56,5.56,5.56
24500.0,5.46,5.46,5.46
24550.0,5.42,5.42,5.42
24600.0,5.45,5.45,5.45
24650.0,5.43,5.43,5.43
24700.0,5.34,5.34,5.34
24750.0,5.34,5.34,5.34
24800.0,5.21,5.21,5.21
24850.0,5.18,5.18,5.18
24900.0,5.22,5.22,5.22
24950.0,4.89,4.89,4.89
25000.0,5.14,5.14,5.14
25050.0,5.08,5.08,5.08
25100.0,4.96,4.96,4.96
25150.0,4.88,4.88,4.88
25200.0,4.81,4.81,4.81
25250.0,4.77,4.77,4.77
25300.0,4.77,4.77,4.77
25350.0,4.71,4.71,4.71
25400.0,4.68,4.68,4.68
25450.0,4.66,4.66,4.66
25500.0,4.63,4.63,4.63
25550.0,4.59,4.59,4.59
25600.0,4.54,4.54,4.54
25650.0,4.52,4.52,4.52
25700.0,4.49,4.49,4.49
25750.0,4.45,4.45,4.45
25800.0,4.41,4.41,4.41
25850.0,4.33,4.33,4.33
25900.0,4.34,4.34,4.34
25950.0,4.30,4.30,4.30
26000.0,4.29,4.29,4.29
26050.0,4.28,4.28,4.28
26100.0,4.25,4.25,4.25
26150.0,4.23,4.23,4.23
26200.0,4.19,4.19,4.19
26250.0,4.06,4.06,4.06
26300.0,4.12,4.12,4.12
26350.0,4.10,4.10,4.10
26400.0,4.02,4.02,4.02
26450.0,4.02,4.02,4.02
26500.0,4.00,4.00,4.00
26550.0,3.96,3.96,3.96
26600.0,3.95,3.95,3.95
26650.0,3.90,3.90,3.90
26700.0,3.91,3.91,3.91
26750.0,3.86,3.86,3.86
26800.0,3.84,3.84,3.84
26850.0,3.82,3.82,3.82
26900.0,3.78,3.78,3.78
26950.0,3.75,3.75,3.75
27000.0,3.71,3.71,3.71
27050.0,3.69,3.69,3.69
27100.0,3.67,3.67,3.67
27150.0,3.66,3.66,3.66
27200.0,3.64,3.64,3.64
27250.0,3.61,3.61,3.61
27300.0,3.60,3.60,3.60
27350.0,3.57,3.57,3.57
27400.0,3.55,3.55,3.55
27450.0,3.54,3.54,3.54
27500.0,3.52,3.52,3.52
27550.0,3.49,3.49,3.49
27600.0,3.46,3.46,3.46
27650.0,3.44,3.44,3.44
27700.0,3.43,3.43,3.43
27750.0,3.39,3.39,3.39
27800.0,3.36,3.36,3.36
27850.0,3.34,3.34,3.34
27900.0,3.32,3.32,3.32
27950.0,3.29,3.29,3.29
28000.0,3.28,3.28,3.28
28050.0,3.25,3.25,3.25
28100.0,3.24,3.24,3.24
28150.0,3.23,3.23,3.23
28200.0,3.21,3.21,3.21
28250.0,3.18,3.18,3.18
28300.0,3.17,3.17,3.17
28350.0,3.15,3.15,3.15
28400.0,3.12,3.12,3.12
28450.0,3.10,3.10,3.10
28500.0,3.07,3.07,3.07
28550.0,3.04,3.04,3.04
28600.0,3.02,3.02,3.02
28650.0,3.00,3.00,3.00
28700.0,2.96,2.96,2.96
28750.0,2.94,2.94,2.94
28800.0,2.94,2.94,2.94
28850.0,2.92,2.92,2.92
28900.0,2.91,2.91,2.91
28950.0,2.90,2.90,2.90
29000.0,2.88,2.88,2.88
29050.0,2.87,2.87,2.87
29100.0,2.85,2.85,2.85
29150.0,2.82,2.82,2.82
29200.0,2.80,2.80,2.80
29250.0,2.78,2.78,2.78
29300.0,2.76,2.76,2.76
29350.0,2.73,2.73,2.73
29400.0,2.71,2.71,2.71
29450.0,2.68,2.68,2.68
29500.0,2.67,2.67,2.67
29550.0,2.66,2.66,2.66
29600.0,2.64,2.64,2.64
29650.0,2.63,2.63,2.63
29700.0,2.61,2.61,2.61
29750.0,2.60,2.60,2.60
29800.0,2.58,2.58,2.58
29850.0,2.57,2.57,2.57
29900.0,2.55,2.55,2.55
29950.0,2.54,2.54,2.54
30000.0,2.53,2.53,2.53
30050.0,2.51,2.51,2.51
30100.0,2.50,2.50,2.50
30150.0,2.49,2.49,2.49
30200.0,2.47,2.47,2.47
30250.0,2.45,2.45,2.45
30300.0,2.44,2.44,2.44
30350.0,2.42,2.42,2.42
30400.0,2.39,2.39,2.39
30450.0,2.40,2.40,2.40
30500.0,2.40,2.40,2.40
30550.0,2.39,2.39,2.39
30600.0,2.38,2.38,2.38
30650.0,2.35,2.35,2.35
30700.0,2.34,2.34,2.34
30750.0,2.34,2.34,2.34
30800.0,2.32,2.32,2.32
30850.0,2.30,2.30,2.30
30900.0,2.28,2.28,2.28
30950.0,2.26,2.26,2.26
31000.0,2.24,2.24,2.24
31050.0,2.23,2.23,2.23
31100.0,2.21,2.21,2.21
31150.0,2.18,2.18,2.18
31200.0,2.17,2.17,2.17
31250.0,2.16,2.16,2.16
31300.0,2.15,2.15,2.15
31350.0,2.14,2.14,2.14
31400.0,2.12,2.12,2.12
31450.0,2.11,2.11,2.11
31500.0,2.09,2.09,2.09
31550.0,2.08,2.08,2.08
31600.0,2.07,2.07,2.07
31650.0,2.07,2.07,2.07
31700.0,2.05,2.05,2.05
31750.0,2.05,2.05,2.05
31800.0,2.03,2.03,2.03
31850.0,2.02,2.02,2.02
31900.0,2.02,2.02,2.02
31950.0,2.01,2.01,2.01
32000.0,1.99,1.99,1.99
32050.0,1.99,1.99,1.99
32100.0,1.98,1.98,1.98
32150.0,1.96,1.96,1.96
32200.0,1.95,1.95,1.95
32250.0,1.94,1.94,1.94
32300.0,1.94,1.94,1.94
32350.0,1.93,1.93,1.93
32400.0,1.92,1.92,1.92
32450.0,1.91,1.91,1.91
32500.0,1.91,1.91,1.91
32550.0,1.89,1.89,1.89
32600.0,1.88,1.88,1.88
32650.0,1.87,1.87,1.87
32700.0,1.86,1.86,1.86
32750.0,1.85,1.85,1.85
32800.0,1.84,1.84,1.84
32850.0,1.83,1.83,1.83
32900.0,1.83,1.83,1.83
32950.0,1.80,1.80,1.80
33000.0,1.79,1.79,1.79
33050.0,1.79,1.79,1.79
33100.0,1.77,1.77,1.77
33150.0,1.76,1.76,1.76
33200.0,1.73,1.73,1.73
33250.0,1.73,1.73,1.73
33300.0,1.71,1.71,1.71
33350.0,1.70,1.70,1.70
33400.0,1.69,1.69,1.69
33450.0,1.68,1.68,1.68
33500.0,1.66,1.66,1.66
33550.0,1.65,1.65,1.65
33600.0,1.64,1.64,1.64
33650.0,1.63,1.63,1.63
33700.0,1.62,1.62,1.62
33750.0,1.61,1.61,1.61
33800.0,1.60,1.60,1.60
33850.0,1.60,1.60,1.60
33900.0,1.59,1.59,1.59
33950.0,1.58,1.58,1.58
34000.0,1.56,1.56,1.56
34050.0,1.57,1.57,1.57
34100.0,1.55,1.55,1.55
34150.0,1.55,1.55,1.55
34200.0,1.54,1.54,1.54
34250.0,1.53,1.53,1.53
34300.0,1.52,1.52,1.52
34350.0,1.52,1.52,1.52
34400.0,1.51,1.51,1.51
34450.0,1.50,1.50,1.50
34500.0,1.49,1.49,1.49
34550.0,1.49,1.49,1.49
34600.0,1.48,1.48,1.48
34650.0,1.48,1.48,1.48
34700.0,1.47,1.47,1.47
34750.0,1.46,1.46,1.46
34800.0,1.45,1.45,1.45
34850.0,1.45,1.45,1.45
34900.0,1.44,1.44,1.44
34950.0,1.43,1.43,1.43
35000.0,1.42,1.42,1.42
35050.0,1.42,1.42,1.42
35100.0,1.41,1.41,1.41
35150.0,1.40,1.40,1.40
35200.0,1.39,1.39,1.39
35250.0,1.39,1.39,1.39
35300.0,1.38,1.38,1.38
35350.0,1.38,1.38,1.38
35400.0,1.37,1.37,1.37
35450.0,1.37,1.37,1.37
35500.0,1.36,1.36,1.36
35550.0,1.35,1.35,1.35
35600.0,1.34,1.34,1.34
35650.0,1.34,1.34,1.34
35700.0,1.33,1.33,1.33
35750.0,1.32,1.32,1.32
35800.0,1.31,1.31,1.31
35850.0,1.31,1.31,1.31
35900.0,1.30,1.30,1.30
35950.0,1.29,1.29,1.29
36000.0,1.29,1.29,1.29
36050.0,1.28,1.28,1.28
36100.0,1.27,1.27,1.27
36150.0,1.27,1.27,1.27
36200.0,1.26,1.26,1.26
36250.0,1.26,1.26,1.26
36300.0,1.25,1.25,1.25
36350.0,1.25,1.25,1.25
36400.0,1.24,1.24,1.24
36450.0,1.24,1.24,1.24
36500.0,1.23,1.23,1.23
36550.0,1.22,1.22,1.22
36600.0,1.22,1.22,1.22
36650.0,1.22,1.22,1.22
36700.0,1.20,1.20,1.20
36750.0,1.20,1.20,1.20
36800.0,1.19,1.19,1.19
36850.0,1.18,1.18,1.18
36900.0,1.18,1.18,1.18
36950.0,1.17,1.17,1.17
37000.0,1.16,1.16,1.16
37050.0,1.16,1.16,1.16
37100.0,1.15,1.15,1.15
37150.0,1.15,1.15,1.15
37200.0,1.14,1.14,1.14
37250.0,1.14,1.14,1.14
37300.0,1.13,1.13,1.13
37350.0,1.13,1.13,1.13
37400.0,1.11,1.11,1.11
37450.0,1.11,1.11,1.11
37500.0,1.10,1.10,1.10
37550.0,1.10,1.10,1.10
37600.0,1.09,1.09,1.09
37650.0,1.09,1.09,1.09
37700.0,1.09,1.09,1.09
37750.0,1.08,1.08,1.08
37800.0,1.07,1.07,1.07
37850.0,1.07,1.07,1.07
37900.0,1.06,1.06,1.06
37950.0,1.06,1.06,1.06
38000.0,1.05,1.05,1.05
38050.0,1.05,1.05,1.05
38100.0,1.04,1.04,1.04
38150.0,1.04,1.04,1.04
38200.0,1.03,1.03,1.03
38250.0,1.03,1.03,1.03
38300.0,1.03,1.03,1.03
38350.0,1.02,1.02,1.02
38400.0,1.02,1.02,1.02
38450.0,1.01,1.01,1.01
38500.0,1.01,1.01,1.01
38550.0,1.00,1.00,1.00
38600.0,0.99,0.99,0.99
38650.0,0.99,0.99,0.99
38700.0,0.98,0.98,0.98
38750.0,0.98,0.98,0.98
38800.0,0.98,0.98,0.98
38850.0,0.97,0.97,0.97
38900.0,0.97,0.97,0.97
38950.0,0.96,0.96,0.96
39000.0,0.96,0.96,0.96
39050.0,0.96,0.96,0.96
39100.0,0.95,0.95,0.95
39150.0,0.95,0.95,0.95
39200.0,0.94,0.94,0.94
39250.0,0.94,0.94,0.94
39300.0,0.93,0.93,0.93
39350.0,0.93,0.93,0.93
39400.0,0.92,0.92,0.92
39450.0,0.92,0.92,0.92
39500.0,0.91,0.91,0.91
39550.0,0.91,0.91,0.91
39600.0,0.90,0.90,0.90
39650.0,0.90,0.90,0.90
39700.0,0.89,0.89,0.89
39750.0,0.89,0.89,0.89
39800.0,0.88,0.88,0.88
39850.0,0.88,0.88,0.88
39900.0,0.88,0.88,0.88
39950.0,0.87,0.87,0.87
40000.0,0.87,0.87,0.87